{"cameraMode":{"drawMode":0,"name":"Shaded","section":"Shading Mode"},"sceneLighting":false,"audioPlay":false,"sceneViewState":{"showFog":false,"showMaterialUpdate":false,"showSkybox":false,"showFlares":false,"showImageEffects":false,"showParticleSystems":false,"showVisualEffectGraphs":true,"m_FxEnabled":true},"in2DMode":false,"pivot":{"x":27.309999465942384,"y":2.049999713897705,"z":-0.09999990463256836},"rotation":{"x":0.021860860288143159,"y":0.9328621029853821,"z":-0.05744355916976929,"w":0.35498467087745669},"size":6.184658050537109,"orthographic":false}