{"cameraMode":{"drawMode":0,"name":"Shaded","section":"Shading Mode"},"sceneLighting":false,"audioPlay":false,"sceneViewState":{"showFog":true,"showMaterialUpdate":true,"showSkybox":true,"showFlares":true,"showImageEffects":true,"showParticleSystems":true},"in2DMode":false,"pivot":{"x":246.0941619873047,"y":10.698112487792969,"z":234.29290771484376},"rotation":{"x":-0.08659164607524872,"y":-0.8511006236076355,"z":0.1485568881034851,"w":-0.49605509638786318},"size":414.6427917480469,"orthographic":false}