{"cameraMode":{"drawMode":0,"name":"Shaded","section":"Shading Mode"},"sceneLighting":false,"audioPlay":false,"sceneViewState":{"showFog":false,"showMaterialUpdate":false,"showSkybox":false,"showFlares":false,"showImageEffects":false,"showParticleSystems":false,"showVisualEffectGraphs":true,"m_FxEnabled":true},"in2DMode":false,"pivot":{"x":42.97999954223633,"y":2.9700000286102297,"z":-0.019999980926513673},"rotation":{"x":0.021860860288143159,"y":0.9328621029853821,"z":-0.05744355916976929,"w":0.35498467087745669},"size":3.94608998298645,"orthographic":false}